{"cameraMode":{"drawMode":0,"name":"Shaded","section":"Shading Mode"},"sceneLighting":false,"audioPlay":false,"sceneViewState":{"m_AlwaysRefresh":false,"showFog":true,"showSkybox":false,"showFlares":true,"showImageEffects":true,"showParticleSystems":true,"showVisualEffectGraphs":true,"m_FxEnabled":true},"in2DMode":false,"pivot":{"x":-11.329275131225586,"y":11.439641952514649,"z":-58.68269348144531},"rotation":{"x":0.15320569276809693,"y":-0.635863721370697,"z":0.13035106658935548,"w":0.7453266978263855},"size":0.13832254707813264,"orthographic":false}