{"cameraMode":{"drawMode":0,"name":"Shaded","section":"Shading Mode"},"sceneLighting":false,"audioPlay":false,"sceneViewState":{"m_AlwaysRefresh":false,"showFog":false,"showSkybox":false,"showFlares":false,"showImageEffects":false,"showParticleSystems":false,"showVisualEffectGraphs":true,"m_FxEnabled":true},"in2DMode":false,"pivot":{"x":0.0014816522598266602,"y":0.790420651435852,"z":0.2666052579879761},"rotation":{"x":-0.15231220424175263,"y":-0.18409708142280579,"z":0.029240040108561517,"w":-0.9706913828849793},"size":1.5773249864578248,"orthographic":false}