{"cameraMode":{"drawMode":0,"name":"Shaded","section":"Shading Mode"},"sceneLighting":true,"audioPlay":false,"sceneViewState":{"m_AlwaysRefresh":false,"showFog":true,"showSkybox":false,"showFlares":true,"showImageEffects":true,"showParticleSystems":true,"showVisualEffectGraphs":true,"m_FxEnabled":true},"in2DMode":false,"pivot":{"x":1.5602210760116578,"y":0.27044034004211428,"z":-0.0012760162353515626},"rotation":{"x":0.0006650726427324116,"y":0.9650223255157471,"z":0.002921399427577853,"w":-0.26240673661231997},"size":6.680840492248535,"orthographic":false}